{
  "data": [
    {
      "3pl": [
        {
          "warehouse": "EUSU",
          "INBOUND": 0,
          "OUTBOUND": 0,
          "total": 1565
        }
      ],
      "ac_text": "2 acoustic foam panels",
      "amazon_fee": 6.45,
      "asin": "B08C7ZWR1M",
      "bs_badge": null,
      "customer_damaged": 28,
      "defective": 11,
      "fba_fee": 7.18,
      "fulfillable": 361,
      "image": "https://m.media-amazon.com/images/I/41rfBx-t+GL.jpg",
      "inbound_receiving": 0,
      "inbound_shipped": 0,
      "inbound_working": 0,
      "is_fba": true,
      "is_narf": null,
      "last_month_cogs": 5380.34,
      "last_month_item_orders": 283,
      "last_month_item_revenue": 23345.33,
      "last_month_item_units_sold": 467,
      "last_week_cogs": 1175.15,
      "last_week_item_orders": 76,
      "last_week_item_revenue": 5098.98,
      "last_week_item_units_sold": 102,
      "local_cost": 11.21,
      "local_ship_cost": 0.31,
      "month_to_day_cogs": 5080.79,
      "month_to_day_item_orders": 280,
      "month_to_day_item_revenue": 21536.6,
      "month_to_day_item_units_sold": 441,
      "name": "Acoustic Panels, 2\" X 12\" X 12\" Acoustic Foam Panels, Studio Wedge Tiles, Sound Panels wedges Soundproof Sound Insulation Absorbing Home and Office (24 Pack, Black)",
      "notes": "test",
      "price": 42.99,
      "product_is_hidden": false,
      "rating": 4.2,
      "reviews": 1265,
      "size_dimension": "13.7′′ x 12.6′′ x 6.1′′",
      "size_tier": "UsLargeStandardSize",
      "sku": "HB-A7P7-6647",
      "this_month_cogs": 4262.79,
      "this_month_item_orders": 236,
      "this_month_item_revenue": 18037.3,
      "this_month_item_units_sold": 370,
      "this_week_cogs": 1059.94,
      "this_week_item_orders": 50,
      "this_week_item_revenue": 4140.08,
      "this_week_item_units_sold": 92,
      "today_cogs": 380.19,
      "today_item_orders": 6,
      "today_item_revenue": 1418.67,
      "today_item_units_sold": 33,
      "total_researching": 0,
      "total_unfulfillable": 40,
      "transfer": 433,
      "transshipment": 433,
      "upc": "X002KMFO8Z",
      "week_to_day_cogs": 1267.32,
      "week_to_day_item_orders": 67,
      "week_to_day_item_revenue": 5039.9,
      "week_to_day_item_units_sold": 110,
      "weight": "3.46lbs",
      "yday_cogs": 334.11,
      "yday_item_orders": 15,
      "yday_item_revenue": 1246.71,
      "yday_item_units_sold": 29,
      "_id": 3164
    },
    {
      "3pl": [
        {
          "warehouse": "EUSU",
          "INBOUND": 0,
          "OUTBOUND": 0,
          "total": 1350
        }
      ],
      "ac_text": null,
      "amazon_fee": 2.25,
      "asin": "B07XNSYK6F",
      "bs_badge": null,
      "customer_damaged": 6,
      "defective": 6,
      "fba_fee": 3.64,
      "fulfillable": 201,
      "image": "https://m.media-amazon.com/images/I/31sAk+AGtFL.jpg",
      "inbound_receiving": 0,
      "inbound_shipped": 270,
      "inbound_working": 180,
      "is_fba": true,
      "is_narf": null,
      "last_month_cogs": 871.86,
      "last_month_item_orders": 255,
      "last_month_item_revenue": 4149.99,
      "last_month_item_units_sold": 280,
      "last_week_cogs": 242.88,
      "last_week_item_orders": 74,
      "last_week_item_revenue": 1290.16,
      "last_week_item_units_sold": 78,
      "local_cost": 1.56,
      "local_ship_cost": 1.56,
      "month_to_day_cogs": 865.64,
      "month_to_day_item_orders": 256,
      "month_to_day_item_revenue": 4323.06,
      "month_to_day_item_units_sold": 278,
      "name": "2 Pack Set Magnetic Flexible Gooseneck Metal with Alligator Clips for Helping Hands Third Hand Tool Automobile Electronics Soldering Jewelry Painting Art Crafts Hobby",
      "notes": null,
      "price": 14.99,
      "product_is_hidden": false,
      "rating": 4.5,
      "reviews": 431,
      "size_dimension": "9.1′′ x 3.8′′ x 1.0′′",
      "size_tier": "UsLargeStandardSize",
      "sku": "MG_REP_ARM",
      "this_month_cogs": 759.77,
      "this_month_item_orders": 225,
      "this_month_item_revenue": 3814.52,
      "this_month_item_units_sold": 244,
      "this_week_cogs": 140.12,
      "this_week_item_orders": 43,
      "this_week_item_revenue": 688.55,
      "this_week_item_units_sold": 45,
      "today_cogs": 9.34,
      "today_item_orders": 2,
      "today_item_revenue": 44.97,
      "today_item_units_sold": 3,
      "total_researching": 1,
      "total_unfulfillable": 12,
      "transfer": 6,
      "transshipment": 6,
      "upc": "X002B1J62P",
      "week_to_day_cogs": 224.19,
      "week_to_day_item_orders": 68,
      "week_to_day_item_revenue": 1147.28,
      "week_to_day_item_units_sold": 72,
      "weight": "0.44lbs",
      "yday_cogs": 43.59,
      "yday_item_orders": 13,
      "yday_item_revenue": 209.86,
      "yday_item_units_sold": 14,
      "_id": 3198
    },
    {
      "3pl": [
        {
          "warehouse": "EUSU",
          "INBOUND": 0,
          "OUTBOUND": 0,
          "total": 0
        }
      ],
      "ac_text": null,
      "amazon_fee": 4.5,
      "asin": "B08KNXSM8K",
      "bs_badge": null,
      "customer_damaged": 1,
      "defective": 0,
      "fba_fee": 11.7,
      "fulfillable": 87,
      "image": "https://m.media-amazon.com/images/I/51NFxZjekDL.jpg",
      "inbound_receiving": 0,
      "inbound_shipped": 0,
      "inbound_working": 0,
      "is_fba": true,
      "is_narf": null,
      "last_month_cogs": 358.09,
      "last_month_item_orders": 21,
      "last_month_item_revenue": 1519.54,
      "last_month_item_units_sold": 46,
      "last_week_cogs": 179.04,
      "last_week_item_orders": 9,
      "last_week_item_revenue": 804.77,
      "last_week_item_units_sold": 23,
      "local_cost": 7.47,
      "local_ship_cost": 0.31,
      "month_to_day_cogs": 560.48,
      "month_to_day_item_orders": 34,
      "month_to_day_item_revenue": 2394.28,
      "month_to_day_item_units_sold": 72,
      "name": "12 X 12 X 0.4 Inches Acoustic Absorption Panel, Beveled Edge Tiles Soundproofing Insulation (24 Pack, Silver Grey)",
      "notes": null,
      "price": 29.99,
      "product_is_hidden": false,
      "rating": 4.1,
      "reviews": 314,
      "size_dimension": "12.0′′ x 12.0′′ x 8.6′′",
      "size_tier": "UsSmallOversize",
      "sku": "B4-SYLZ-7OLE",
      "this_month_cogs": 451.5,
      "this_month_item_orders": 28,
      "this_month_item_revenue": 1974.42,
      "this_month_item_units_sold": 58,
      "this_week_cogs": 101.2,
      "this_week_item_orders": 7,
      "this_week_item_revenue": 399.87,
      "this_week_item_units_sold": 13,
      "today_cogs": 0,
      "today_item_orders": 0,
      "today_item_revenue": 0,
      "today_item_units_sold": 0,
      "total_researching": 1,
      "total_unfulfillable": 1,
      "transfer": 0,
      "transshipment": 0,
      "upc": "X002O3WUTL",
      "week_to_day_cogs": 101.2,
      "week_to_day_item_orders": 7,
      "week_to_day_item_revenue": 399.87,
      "week_to_day_item_units_sold": 13,
      "weight": "6.0lbs",
      "yday_cogs": 46.71,
      "yday_item_orders": 1,
      "yday_item_revenue": 179.94,
      "yday_item_units_sold": 6,
      "_id": 3423
    },
    {
      "3pl": [
        {
          "warehouse": "EUSU",
          "INBOUND": 0,
          "OUTBOUND": 0,
          "total": 0
        }
      ],
      "ac_text": null,
      "amazon_fee": 4.5,
      "asin": "B08KNXSM8K",
      "bs_badge": null,
      "customer_damaged": 1,
      "defective": 0,
      "fba_fee": 11.7,
      "fulfillable": 87,
      "image": "https://m.media-amazon.com/images/I/51NFxZjekDL.jpg",
      "inbound_receiving": 0,
      "inbound_shipped": 0,
      "inbound_working": 0,
      "is_fba": true,
      "is_narf": null,
      "last_month_cogs": 358.09,
      "last_month_item_orders": 21,
      "last_month_item_revenue": 1519.54,
      "last_month_item_units_sold": 46,
      "last_week_cogs": 179.04,
      "last_week_item_orders": 9,
      "last_week_item_revenue": 804.77,
      "last_week_item_units_sold": 23,
      "local_cost": 7.47,
      "local_ship_cost": 0.31,
      "month_to_day_cogs": 560.48,
      "month_to_day_item_orders": 34,
      "month_to_day_item_revenue": 2394.28,
      "month_to_day_item_units_sold": 72,
      "name": "12 X 12 X 0.4 Inches Acoustic Absorption Panel, Beveled Edge Tiles Soundproofing Insulation (24 Pack, Silver Grey)",
      "notes": null,
      "price": 29.99,
      "product_is_hidden": false,
      "rating": 4.1,
      "reviews": 314,
      "size_dimension": "12.0′′ x 12.0′′ x 8.6′′",
      "size_tier": "UsSmallOversize",
      "sku": "B4-SYLZ-7OLE",
      "this_month_cogs": 451.5,
      "this_month_item_orders": 28,
      "this_month_item_revenue": 1974.42,
      "this_month_item_units_sold": 58,
      "this_week_cogs": 101.2,
      "this_week_item_orders": 7,
      "this_week_item_revenue": 399.87,
      "this_week_item_units_sold": 13,
      "today_cogs": 0,
      "today_item_orders": 0,
      "today_item_revenue": 0,
      "today_item_units_sold": 0,
      "total_researching": 1,
      "total_unfulfillable": 1,
      "transfer": 0,
      "transshipment": 0,
      "upc": "X002O3WUTL",
      "week_to_day_cogs": 101.2,
      "week_to_day_item_orders": 7,
      "week_to_day_item_revenue": 399.87,
      "week_to_day_item_units_sold": 13,
      "weight": "6.0lbs",
      "yday_cogs": 46.71,
      "yday_item_orders": 1,
      "yday_item_revenue": 179.94,
      "yday_item_units_sold": 6,
      "_id": 3423
    },
    {
      "3pl": [
        {
          "warehouse": "EUSU",
          "INBOUND": 0,
          "OUTBOUND": 0,
          "total": 105
        }
      ],
      "ac_text": null,
      "amazon_fee": 3.45,
      "asin": "B08KQ3ZG1L",
      "bs_badge": null,
      "customer_damaged": 1,
      "defective": 1,
      "fba_fee": 6.58,
      "fulfillable": 36,
      "image": "https://m.media-amazon.com/images/I/51Q+ZsUGiUL.jpg",
      "inbound_receiving": 0,
      "inbound_shipped": 0,
      "inbound_working": 75,
      "is_fba": true,
      "is_narf": null,
      "last_month_cogs": 165.9,
      "last_month_item_orders": 27,
      "last_month_item_revenue": 899.64,
      "last_month_item_units_sold": 36,
      "last_week_cogs": 46.08,
      "last_week_item_orders": 10,
      "last_week_item_revenue": 231.9,
      "last_week_item_units_sold": 10,
      "local_cost": 4.3,
      "local_ship_cost": 0.31,
      "month_to_day_cogs": 188.95,
      "month_to_day_item_orders": 35,
      "month_to_day_item_revenue": 976.59,
      "month_to_day_item_units_sold": 41,
      "name": "12 Pack Set Hexagon Acoustic Absorption Panel, 12 X 14 X 0.4 Inches Acoustic Soundproofing Insulation Panel Beveled Edge Tiles, Great for Wall Decoration and Acoustic Treatment (Orange)",
      "notes": null,
      "price": 22.99,
      "product_is_hidden": false,
      "rating": 4.3,
      "reviews": 266,
      "size_dimension": "14.0′′ x 12.0′′ x 4.5′′",
      "size_tier": "UsLargeStandardSize",
      "sku": "3I-1D9I-YUIR",
      "this_month_cogs": 175.12,
      "this_month_item_orders": 32,
      "this_month_item_revenue": 901.62,
      "this_month_item_units_sold": 38,
      "this_week_cogs": 59.91,
      "this_week_item_orders": 8,
      "this_week_item_revenue": 298.87,
      "this_week_item_units_sold": 13,
      "today_cogs": 4.61,
      "today_item_orders": 1,
      "today_item_revenue": 22.99,
      "today_item_units_sold": 1,
      "total_researching": 0,
      "total_unfulfillable": 2,
      "transfer": 27,
      "transshipment": 27,
      "upc": "X002O4WQMB",
      "week_to_day_cogs": 73.73,
      "week_to_day_item_orders": 11,
      "week_to_day_item_revenue": 367.84,
      "week_to_day_item_units_sold": 16,
      "weight": "2.62lbs",
      "yday_cogs": 27.65,
      "yday_item_orders": 2,
      "yday_item_revenue": 137.94,
      "yday_item_units_sold": 6,
      "_id": 3078
    },
    {
      "3pl": [
        {
          "warehouse": "EUSU",
          "INBOUND": 0,
          "OUTBOUND": 0,
          "total": 100
        }
      ],
      "ac_text": null,
      "amazon_fee": 3.75,
      "asin": "B08KQ657KY",
      "bs_badge": null,
      "customer_damaged": 1,
      "defective": 0,
      "fba_fee": 7.18,
      "fulfillable": 2,
      "image": "https://m.media-amazon.com/images/I/51gH1s+cy3L.jpg",
      "inbound_receiving": 0,
      "inbound_shipped": 70,
      "inbound_working": 25,
      "is_fba": true,
      "is_narf": null,
      "last_month_cogs": 244.25,
      "last_month_item_orders": 32,
      "last_month_item_revenue": 1324.47,
      "last_month_item_units_sold": 53,
      "last_week_cogs": 50.69,
      "last_week_item_orders": 9,
      "last_week_item_revenue": 274.89,
      "last_week_item_units_sold": 11,
      "local_cost": 4.3,
      "local_ship_cost": 0.31,
      "month_to_day_cogs": 207.38,
      "month_to_day_item_orders": 31,
      "month_to_day_item_revenue": 1124.55,
      "month_to_day_item_units_sold": 45,
      "name": "12 Pack Set Hexagon Acoustic Absorption Panel, 12 X 14 X 0.4 Inches Acoustic Soundproofing Insulation Panel Beveled Edge Tiles, Great for Wall Decoration and Acoustic Treatment (Blue)",
      "notes": null,
      "price": 24.99,
      "product_is_hidden": false,
      "rating": 4.3,
      "reviews": 266,
      "size_dimension": "13.8′′ x 12.7′′ x 5.59′′",
      "size_tier": "UsLargeStandardSize",
      "sku": "7V-ZC0H-OXH2",
      "this_month_cogs": 202.77,
      "this_month_item_orders": 30,
      "this_month_item_revenue": 1099.56,
      "this_month_item_units_sold": 44,
      "this_week_cogs": 64.52,
      "this_week_item_orders": 7,
      "this_week_item_revenue": 349.86,
      "this_week_item_units_sold": 14,
      "today_cogs": 0,
      "today_item_orders": 0,
      "today_item_revenue": 0,
      "today_item_units_sold": 0,
      "total_researching": 0,
      "total_unfulfillable": 1,
      "transfer": 15,
      "transshipment": 15,
      "upc": "X002O4WQNZ",
      "week_to_day_cogs": 78.34,
      "week_to_day_item_orders": 9,
      "week_to_day_item_revenue": 424.83,
      "week_to_day_item_units_sold": 17,
      "weight": "3.22lbs",
      "yday_cogs": 27.65,
      "yday_item_orders": 2,
      "yday_item_revenue": 149.94,
      "yday_item_units_sold": 6,
      "_id": 3102
    },
    {
      "3pl": [
        {
          "warehouse": "EUSU",
          "INBOUND": 0,
          "OUTBOUND": 0,
          "total": 150
        }
      ],
      "ac_text": null,
      "amazon_fee": 3.75,
      "asin": "B08HYQ9MY7",
      "bs_badge": null,
      "customer_damaged": 1,
      "defective": 0,
      "fba_fee": 6.58,
      "fulfillable": 41,
      "image": "https://m.media-amazon.com/images/I/51GyJ6-Ea+L.jpg",
      "inbound_receiving": 0,
      "inbound_shipped": 100,
      "inbound_working": 0,
      "is_fba": true,
      "is_narf": null,
      "last_month_cogs": 179.73,
      "last_month_item_orders": 34,
      "last_month_item_revenue": 974.61,
      "last_month_item_units_sold": 39,
      "last_week_cogs": 46.08,
      "last_week_item_orders": 9,
      "last_week_item_revenue": 249.9,
      "last_week_item_units_sold": 10,
      "local_cost": 4.3,
      "local_ship_cost": 0.31,
      "month_to_day_cogs": 248.85,
      "month_to_day_item_orders": 43,
      "month_to_day_item_revenue": 1349.46,
      "month_to_day_item_units_sold": 54,
      "name": "12 Pack Set Hexagon Acoustic Absorption Panel, 12 X 14 X 0.4 Inches Acoustic Soundproofing Insulation Panel Beveled Edge Tiles, Great for Wall Decoration and Acoustic Treatment (Red)",
      "notes": null,
      "price": 24.99,
      "product_is_hidden": false,
      "rating": 4.3,
      "reviews": 266,
      "size_dimension": "13.7′′ x 13.62′′ x 4.45′′",
      "size_tier": "UsLargeStandardSize",
      "sku": "CZ-UNDM-6IIS",
      "this_month_cogs": 165.9,
      "this_month_item_orders": 31,
      "this_month_item_revenue": 899.64,
      "this_month_item_units_sold": 36,
      "this_week_cogs": 41.48,
      "this_week_item_orders": 8,
      "this_week_item_revenue": 224.91,
      "this_week_item_units_sold": 9,
      "today_cogs": 0,
      "today_item_orders": 0,
      "today_item_revenue": 0,
      "today_item_units_sold": 0,
      "total_researching": 1,
      "total_unfulfillable": 1,
      "transfer": 0,
      "transshipment": 0,
      "upc": "X002NCD38F",
      "week_to_day_cogs": 46.08,
      "week_to_day_item_orders": 9,
      "week_to_day_item_revenue": 249.9,
      "week_to_day_item_units_sold": 10,
      "weight": "2.67lbs",
      "yday_cogs": 9.22,
      "yday_item_orders": 2,
      "yday_item_revenue": 49.98,
      "yday_item_units_sold": 2,
      "_id": 3141
    },
    {
      "3pl": [
        {
          "warehouse": "EUSU",
          "INBOUND": 0,
          "OUTBOUND": 0,
          "total": 1026
        }
      ],
      "ac_text": null,
      "amazon_fee": 6.45,
      "asin": "B07LB3MNFR",
      "bs_badge": null,
      "customer_damaged": 9,
      "defective": 2,
      "fba_fee": 10.94,
      "fulfillable": 860,
      "image": "https://m.media-amazon.com/images/I/51MmwGSEDjL.jpg",
      "inbound_receiving": 314,
      "inbound_shipped": 405,
      "inbound_working": 0,
      "is_fba": true,
      "is_narf": null,
      "last_month_cogs": 2329.12,
      "last_month_item_orders": 257,
      "last_month_item_revenue": 10674.48,
      "last_month_item_units_sold": 272,
      "last_week_cogs": 436.71,
      "last_week_item_orders": 51,
      "last_week_item_revenue": 2281.96,
      "last_week_item_units_sold": 51,
      "local_cost": 7.01,
      "local_ship_cost": 1.56,
      "month_to_day_cogs": 1404.32,
      "month_to_day_item_orders": 164,
      "month_to_day_item_revenue": 7109.24,
      "month_to_day_item_units_sold": 164,
      "name": "2 Pack Set Kids Archery Bow Arrow Toy Set with Targets, Suction Cup Arrows and Quiver, LED Light Up Function Toy for Boys Girls Indoor and Outdoor Garden Fun Game",
      "notes": null,
      "price": 42.99,
      "product_is_hidden": false,
      "rating": 4.3,
      "reviews": 1253,
      "size_dimension": "25.55′′ x 20.91′′ x 2.99′′",
      "size_tier": "UsSmallOversize",
      "sku": "2P_Big_Bow",
      "this_month_cogs": 1250.19,
      "this_month_item_orders": 146,
      "this_month_item_revenue": 6349.22,
      "this_month_item_units_sold": 146,
      "this_week_cogs": 214.07,
      "this_week_item_orders": 25,
      "this_week_item_revenue": 1047.76,
      "this_week_item_units_sold": 25,
      "today_cogs": 34.25,
      "today_item_orders": 4,
      "today_item_revenue": 171.96,
      "today_item_units_sold": 4,
      "total_researching": 6,
      "total_unfulfillable": 14,
      "transfer": 0,
      "transshipment": 0,
      "upc": "X0024K4HQ3",
      "week_to_day_cogs": 359.64,
      "week_to_day_item_orders": 42,
      "week_to_day_item_revenue": 1812.59,
      "week_to_day_item_units_sold": 42,
      "weight": "2.93lbs",
      "yday_cogs": 51.38,
      "yday_item_orders": 6,
      "yday_item_revenue": 257.94,
      "yday_item_units_sold": 6,
      "_id": 3073
    },
    {
      "3pl": [
        {
          "warehouse": "EUSU",
          "INBOUND": 0,
          "OUTBOUND": 0,
          "total": 315
        }
      ],
      "ac_text": null,
      "amazon_fee": 6.3,
      "asin": "B07ZD9FPHR",
      "bs_badge": null,
      "customer_damaged": 0,
      "defective": 2,
      "fba_fee": 10.94,
      "fulfillable": 342,
      "image": "https://m.media-amazon.com/images/I/51lNx+YtbZL.jpg",
      "inbound_receiving": 72,
      "inbound_shipped": 189,
      "inbound_working": 0,
      "is_fba": true,
      "is_narf": null,
      "last_month_cogs": 727.85,
      "last_month_item_orders": 84,
      "last_month_item_revenue": 3066.15,
      "last_month_item_units_sold": 85,
      "last_week_cogs": 231.2,
      "last_week_item_orders": 28,
      "last_week_item_revenue": 1133.73,
      "last_week_item_units_sold": 27,
      "local_cost": 7.01,
      "local_ship_cost": 1.56,
      "month_to_day_cogs": 933.36,
      "month_to_day_item_orders": 108,
      "month_to_day_item_revenue": 4345.91,
      "month_to_day_item_units_sold": 109,
      "name": "Fstop Labs 2 Pack Archery Bow and Arrow for Kids Set with LED Flashing Lights, Pink Light Up Function, Arrow Holder Target and Quiver Hunting Series for Boys and Girls Indoor and Outdoor Toys",
      "notes": null,
      "price": 41.99,
      "product_is_hidden": false,
      "rating": 4.3,
      "reviews": 1253,
      "size_dimension": "24.8′′ x 9.5′′ x 3.8′′",
      "size_tier": "UsSmallOversize",
      "sku": "PINK_BW_2P",
      "this_month_cogs": 796.35,
      "this_month_item_orders": 94,
      "this_month_item_revenue": 3754.07,
      "this_month_item_units_sold": 93,
      "this_week_cogs": 179.82,
      "this_week_item_orders": 21,
      "this_week_item_revenue": 881.79,
      "this_week_item_units_sold": 21,
      "today_cogs": 25.69,
      "today_item_orders": 3,
      "today_item_revenue": 125.97,
      "today_item_units_sold": 3,
      "total_researching": 0,
      "total_unfulfillable": 2,
      "transfer": 0,
      "transshipment": 0,
      "upc": "X002CMX8SV",
      "week_to_day_cogs": 333.96,
      "week_to_day_item_orders": 39,
      "week_to_day_item_revenue": 1637.61,
      "week_to_day_item_units_sold": 39,
      "weight": "2.73lbs",
      "yday_cogs": 42.81,
      "yday_item_orders": 5,
      "yday_item_revenue": 209.95,
      "yday_item_units_sold": 5,
      "_id": 3222
    },
    {
      "3pl": [
        {
          "warehouse": "EUSU",
          "INBOUND": 0,
          "OUTBOUND": 0,
          "total": 3276
        }
      ],
      "ac_text": null,
      "amazon_fee": 2.85,
      "asin": "B078WQWVJZ",
      "bs_badge": null,
      "customer_damaged": 106,
      "defective": 28,
      "fba_fee": 3.64,
      "fulfillable": 404,
      "image": "https://m.media-amazon.com/images/I/413HpuE4EDS.jpg",
      "inbound_receiving": 2,
      "inbound_shipped": 0,
      "inbound_working": 210,
      "is_fba": true,
      "is_narf": null,
      "last_month_cogs": 3788.79,
      "last_month_item_orders": 388,
      "last_month_item_revenue": 7471.38,
      "last_month_item_units_sold": 409,
      "last_week_cogs": 768.88,
      "last_week_item_orders": 79,
      "last_week_item_revenue": 1576.17,
      "last_week_item_units_sold": 83,
      "local_cost": 7.71,
      "local_ship_cost": 1.56,
      "month_to_day_cogs": 3177.4,
      "month_to_day_item_orders": 324,
      "month_to_day_item_revenue": 6494.58,
      "month_to_day_item_units_sold": 343,
      "name": "KOTTO Braided ATX Sleeved Cable Extension Kit for Power Supply Cable Kit, PSU Connectors, 24 Pin, 8 Pin, 6 Pin 4 + 4 Pin, 6 Pack, with Cable Comb 24 Pieces Set 24-Pin, 8-Pin, 6-Pin (White)",
      "notes": null,
      "price": 18.99,
      "product_is_hidden": false,
      "rating": 4.6,
      "reviews": 2535,
      "size_dimension": "12.2′′ x 3.58′′ x 1.54′′",
      "size_tier": "UsLargeStandardSize",
      "sku": "UP_WT_ATX",
      "this_month_cogs": 2528.95,
      "this_month_item_orders": 256,
      "this_month_item_revenue": 5165.28,
      "this_month_item_units_sold": 273,
      "this_week_cogs": 444.65,
      "this_week_item_orders": 47,
      "this_week_item_revenue": 911.52,
      "this_week_item_units_sold": 48,
      "today_cogs": 74.11,
      "today_item_orders": 8,
      "today_item_revenue": 151.92,
      "today_item_units_sold": 8,
      "total_researching": 0,
      "total_unfulfillable": 135,
      "transfer": 174,
      "transshipment": 174,
      "upc": "X001Z589C1",
      "week_to_day_cogs": 666.98,
      "week_to_day_item_orders": 71,
      "week_to_day_item_revenue": 1367.28,
      "week_to_day_item_units_sold": 72,
      "weight": "0.66lbs",
      "yday_cogs": 83.37,
      "yday_item_orders": 9,
      "yday_item_revenue": 170.91,
      "yday_item_units_sold": 9,
      "_id": 3267
    },
    {
      "3pl": [
        {
          "warehouse": "EUSU",
          "INBOUND": 0,
          "OUTBOUND": 0,
          "total": 2310
        }
      ],
      "ac_text": null,
      "amazon_fee": 2.85,
      "asin": "B07BV6BDX7",
      "bs_badge": null,
      "customer_damaged": 44,
      "defective": 12,
      "fba_fee": 3.64,
      "fulfillable": 105,
      "image": "https://m.media-amazon.com/images/I/51l+Y82Jv+S.jpg",
      "inbound_receiving": 0,
      "inbound_shipped": 420,
      "inbound_working": 0,
      "is_fba": true,
      "is_narf": null,
      "last_month_cogs": 1278.99,
      "last_month_item_orders": 105,
      "last_month_item_revenue": 2786.65,
      "last_month_item_units_sold": 155,
      "last_week_cogs": 305.31,
      "last_week_item_orders": 32,
      "last_week_item_revenue": 683.64,
      "last_week_item_units_sold": 37,
      "local_cost": 7.94,
      "local_ship_cost": 0.31,
      "month_to_day_cogs": 1171.72,
      "month_to_day_item_orders": 108,
      "month_to_day_item_revenue": 2658.59,
      "month_to_day_item_units_sold": 142,
      "name": "KOTTO Braided ATX Sleeved Cable Extension Kit for Power Supply Cable Kit, PSU Connectors, 24 Pin, 8 Pin, 6 Pin 4 + 4 Pin, 6 Pack, with Cable Comb 24 Pieces Set 24-Pin, 8-Pin, 6-Pin (Black)",
      "notes": null,
      "price": 18.99,
      "product_is_hidden": false,
      "rating": 4.6,
      "reviews": 2535,
      "size_dimension": "12.32′′ x 3.58′′ x 1.46′′",
      "size_tier": "UsLargeStandardSize",
      "sku": "UP_BL_Cable",
      "this_month_cogs": 907.67,
      "this_month_item_orders": 96,
      "this_month_item_revenue": 2069.91,
      "this_month_item_units_sold": 110,
      "this_week_cogs": 165.03,
      "this_week_item_orders": 20,
      "this_week_item_revenue": 379.8,
      "this_week_item_units_sold": 20,
      "today_cogs": 8.25,
      "today_item_orders": 1,
      "today_item_revenue": 18.99,
      "today_item_units_sold": 1,
      "total_researching": 0,
      "total_unfulfillable": 56,
      "transfer": 2,
      "transshipment": 2,
      "upc": "X00206O5OP",
      "week_to_day_cogs": 264.05,
      "week_to_day_item_orders": 32,
      "week_to_day_item_revenue": 607.68,
      "week_to_day_item_units_sold": 32,
      "weight": "0.75lbs",
      "yday_cogs": 24.75,
      "yday_item_orders": 3,
      "yday_item_revenue": 56.97,
      "yday_item_units_sold": 3,
      "_id": 3260
    },
    {
      "3pl": [
        {
          "warehouse": "EUSU",
          "INBOUND": 0,
          "OUTBOUND": 0,
          "total": 150
        }
      ],
      "ac_text": null,
      "amazon_fee": 5.25,
      "asin": "B08RX31Y23",
      "bs_badge": null,
      "customer_damaged": 2,
      "defective": 0,
      "fba_fee": 6.28,
      "fulfillable": 0,
      "image": "https://m.media-amazon.com/images/I/41WTwdCTPWS.jpg",
      "inbound_receiving": 0,
      "inbound_shipped": 0,
      "inbound_working": 0,
      "is_fba": true,
      "is_narf": null,
      "last_month_cogs": 0,
      "last_month_item_orders": 28,
      "last_month_item_revenue": 1569.5,
      "last_month_item_units_sold": 50,
      "last_week_cogs": 0,
      "last_week_item_orders": 12,
      "last_week_item_revenue": 664.81,
      "last_week_item_units_sold": 19,
      "local_cost": 0,
      "local_ship_cost": 0,
      "month_to_day_cogs": 0,
      "month_to_day_item_orders": 49,
      "month_to_day_item_revenue": 3324.05,
      "month_to_day_item_units_sold": 95,
      "name": "12 Pack 12 X 12 X 0.4 Inches Acoustic Absorption Panel, 3D Unique Soundproofing Insulation, Used in Home & Offices (12 Pack, Black)",
      "notes": null,
      "price": 34.99,
      "product_is_hidden": false,
      "rating": 3.8,
      "reviews": 5,
      "size_dimension": "12.36′′ x 12.17′′ x 3.9′′",
      "size_tier": "UsLargeStandardSize",
      "sku": "AQ-XQBW-T5M5",
      "this_month_cogs": 0,
      "this_month_item_orders": 45,
      "this_month_item_revenue": 3044.13,
      "this_month_item_units_sold": 87,
      "this_week_cogs": 0,
      "this_week_item_orders": 17,
      "this_week_item_revenue": 1399.6,
      "this_week_item_units_sold": 40,
      "today_cogs": 0,
      "today_item_orders": 0,
      "today_item_revenue": 0,
      "today_item_units_sold": 0,
      "total_researching": 0,
      "total_unfulfillable": 2,
      "transfer": 7,
      "transshipment": 7,
      "upc": "X002RG7TGT",
      "week_to_day_cogs": 0,
      "week_to_day_item_orders": 22,
      "week_to_day_item_revenue": 1574.55,
      "week_to_day_item_units_sold": 45,
      "weight": "3.26lbs",
      "yday_cogs": 0,
      "yday_item_orders": 3,
      "yday_item_revenue": 209.94,
      "yday_item_units_sold": 6,
      "_id": 3414
    },
    {
      "3pl": [
        {
          "warehouse": "EUSU",
          "INBOUND": 0,
          "OUTBOUND": 0,
          "total": 50
        }
      ],
      "ac_text": null,
      "amazon_fee": 3,
      "asin": "B08RX1999H",
      "bs_badge": null,
      "customer_damaged": 0,
      "defective": 0,
      "fba_fee": 5.98,
      "fulfillable": 35,
      "image": "https://m.media-amazon.com/images/I/51Ob1xvp7US.jpg",
      "inbound_receiving": 0,
      "inbound_shipped": 0,
      "inbound_working": 0,
      "is_fba": true,
      "is_narf": null,
      "last_month_cogs": 0,
      "last_month_item_orders": 0,
      "last_month_item_revenue": 0,
      "last_month_item_units_sold": 0,
      "last_week_cogs": 0,
      "last_week_item_orders": 2,
      "last_week_item_revenue": 209.86,
      "last_week_item_units_sold": 7,
      "local_cost": 0,
      "local_ship_cost": 0,
      "month_to_day_cogs": 0,
      "month_to_day_item_orders": 6,
      "month_to_day_item_revenue": 329.79,
      "month_to_day_item_units_sold": 12,
      "name": "Sonic Acoustics 12 Pack 12 X 12 X 0.4 Inches Acoustic Absorption Panel, 3D Unique Soundproofing Insulation, Used in Home & Offices (12 Pack, Red)",
      "notes": null,
      "price": 19.99,
      "product_is_hidden": false,
      "rating": 3.8,
      "reviews": 5,
      "size_dimension": "12.24′′ x 12.13′′ x 3.7′′",
      "size_tier": "UsLargeStandardSize",
      "sku": "ZM-OC17-K13L",
      "this_month_cogs": 0,
      "this_month_item_orders": 6,
      "this_month_item_revenue": 329.79,
      "this_month_item_units_sold": 12,
      "this_week_cogs": 0,
      "this_week_item_orders": 2,
      "this_week_item_revenue": 59.97,
      "this_week_item_units_sold": 3,
      "today_cogs": 0,
      "today_item_orders": 0,
      "today_item_revenue": 0,
      "today_item_units_sold": 0,
      "total_researching": 0,
      "total_unfulfillable": 0,
      "transfer": 2,
      "transshipment": 2,
      "upc": "X002RG7TGJ",
      "week_to_day_cogs": 0,
      "week_to_day_item_orders": 3,
      "week_to_day_item_revenue": 89.95,
      "week_to_day_item_units_sold": 4,
      "weight": "3.48lbs",
      "yday_cogs": 0,
      "yday_item_orders": 2,
      "yday_item_revenue": 59.97,
      "yday_item_units_sold": 3,
      "_id": 3690
    },
    {
      "3pl": [
        {
          "warehouse": "EUSU",
          "INBOUND": 0,
          "OUTBOUND": 0,
          "total": 2700
        }
      ],
      "ac_text": "google mini wall mount",
      "amazon_fee": 1.8,
      "asin": "B07B46JHJJ",
      "bs_badge": null,
      "customer_damaged": 3,
      "defective": 2,
      "fba_fee": 3.47,
      "fulfillable": 54,
      "image": "https://m.media-amazon.com/images/I/41F91PQA59L.jpg",
      "inbound_receiving": 2,
      "inbound_shipped": 0,
      "inbound_working": 300,
      "is_fba": true,
      "is_narf": null,
      "last_month_cogs": 115.21,
      "last_month_item_orders": 138,
      "last_month_item_revenue": 1762.53,
      "last_month_item_units_sold": 148,
      "last_week_cogs": 58.38,
      "last_week_item_orders": 66,
      "last_week_item_revenue": 899.25,
      "last_week_item_units_sold": 75,
      "local_cost": 0.47,
      "local_ship_cost": 0.31,
      "month_to_day_cogs": 189.94,
      "month_to_day_item_orders": 222,
      "month_to_day_item_revenue": 2925.56,
      "month_to_day_item_units_sold": 244,
      "name": "2 Pack Wall Ceiling Cabinet Mount Holder Stand Clip for Google Nest Home Mini Gen 1, Gen 2, Round Speaker Accessories (White) 2 Pack",
      "notes": "test2",
      "price": 11.99,
      "product_is_hidden": false,
      "rating": 4.8,
      "reviews": 1916,
      "size_dimension": "3.15′′ x 1.57′′ x 1.18′′",
      "size_tier": "UsLargeStandardSize",
      "sku": "Mini-Wall-Mount",
      "this_month_cogs": 162.7,
      "this_month_item_orders": 191,
      "this_month_item_revenue": 2505.91,
      "this_month_item_units_sold": 209,
      "this_week_cogs": 28.02,
      "this_week_item_orders": 31,
      "this_week_item_revenue": 431.64,
      "this_week_item_units_sold": 36,
      "today_cogs": 0.78,
      "today_item_orders": 1,
      "today_item_revenue": 11.99,
      "today_item_units_sold": 1,
      "total_researching": 0,
      "total_unfulfillable": 5,
      "transfer": 200,
      "transshipment": 200,
      "upc": "X001PLGF1H",
      "week_to_day_cogs": 47.49,
      "week_to_day_item_orders": 53,
      "week_to_day_item_revenue": 731.39,
      "week_to_day_item_units_sold": 61,
      "weight": "0.13lbs",
      "yday_cogs": 9.34,
      "yday_item_orders": 9,
      "yday_item_revenue": 143.88,
      "yday_item_units_sold": 12,
      "_id": 3205
    },
    {
      "3pl": [
        {
          "warehouse": "EUSU",
          "INBOUND": 0,
          "OUTBOUND": 0,
          "total": 1100
        }
      ],
      "ac_text": null,
      "amazon_fee": 4.5,
      "asin": "B08KNT25TZ",
      "bs_badge": null,
      "customer_damaged": 1,
      "defective": 4,
      "fba_fee": 6.58,
      "fulfillable": 83,
      "image": "https://m.media-amazon.com/images/I/51clfHlDiEL.jpg",
      "inbound_receiving": 0,
      "inbound_shipped": 250,
      "inbound_working": 0,
      "is_fba": true,
      "is_narf": null,
      "last_month_cogs": 1186.67,
      "last_month_item_orders": 59,
      "last_month_item_revenue": 3603.97,
      "last_month_item_units_sold": 103,
      "last_week_cogs": 345.63,
      "last_week_item_orders": 20,
      "last_week_item_revenue": 961.72,
      "last_week_item_units_sold": 30,
      "local_cost": 11.21,
      "local_ship_cost": 0.31,
      "month_to_day_cogs": 1474.7,
      "month_to_day_item_orders": 78,
      "month_to_day_item_revenue": 4276.74,
      "month_to_day_item_units_sold": 128,
      "name": "Acoustic Foam Panels - Pyramid Recording Studio Wedge Tiles - 2\" X 12\" X 12\" Isolation Treatment for Walls and Ceiling (24 Pack, Black)",
      "notes": null,
      "price": 29.99,
      "product_is_hidden": false,
      "rating": 4.2,
      "reviews": 236,
      "size_dimension": "16.42′′ x 12.4′′ x 3.74′′",
      "size_tier": "UsLargeStandardSize",
      "sku": "AJ-HPX0-KI3K",
      "this_month_cogs": 1382.53,
      "this_month_item_orders": 71,
      "this_month_item_revenue": 3996.82,
      "this_month_item_units_sold": 120,
      "this_week_cogs": 195.86,
      "this_week_item_orders": 10,
      "this_week_item_revenue": 509.83,
      "this_week_item_units_sold": 17,
      "today_cogs": 0,
      "today_item_orders": 0,
      "today_item_revenue": 0,
      "today_item_units_sold": 0,
      "total_researching": 0,
      "total_unfulfillable": 5,
      "transfer": 0,
      "transshipment": 0,
      "upc": "X002O3V8BR",
      "week_to_day_cogs": 357.15,
      "week_to_day_item_orders": 19,
      "week_to_day_item_revenue": 962.69,
      "week_to_day_item_units_sold": 31,
      "weight": "2.89lbs",
      "yday_cogs": 57.61,
      "yday_item_orders": 4,
      "yday_item_revenue": 149.95,
      "yday_item_units_sold": 5,
      "_id": 3410
    },
    {
      "3pl": [
        {
          "warehouse": "EUSU",
          "INBOUND": 0,
          "OUTBOUND": 0,
          "total": 160
        }
      ],
      "ac_text": null,
      "amazon_fee": 2.55,
      "asin": "B08T8XHBK9",
      "bs_badge": null,
      "customer_damaged": 0,
      "defective": 0,
      "fba_fee": 5.68,
      "fulfillable": 26,
      "image": "https://m.media-amazon.com/images/I/41WRNm4SAPS.jpg",
      "inbound_receiving": 0,
      "inbound_shipped": 0,
      "inbound_working": 0,
      "is_fba": true,
      "is_narf": null,
      "last_month_cogs": 0,
      "last_month_item_orders": 8,
      "last_month_item_revenue": 161.91,
      "last_month_item_units_sold": 9,
      "last_week_cogs": 0,
      "last_week_item_orders": 2,
      "last_week_item_revenue": 33.98,
      "last_week_item_units_sold": 2,
      "local_cost": 0,
      "local_ship_cost": 0,
      "month_to_day_cogs": 0,
      "month_to_day_item_orders": 13,
      "month_to_day_item_revenue": 305.82,
      "month_to_day_item_units_sold": 18,
      "name": "Acoustic Foam Panels - Pyramid Recording Studio Wedge Tiles - 2\" X 12\" X 12\" Isolation Treatment for Walls and Ceiling (12 Pack, Blue)",
      "notes": null,
      "price": 16.99,
      "product_is_hidden": false,
      "rating": 4.2,
      "reviews": 236,
      "size_dimension": "13.9′′ x 13.43′′ x 1.85′′",
      "size_tier": "UsLargeStandardSize",
      "sku": "3V-LBIA-C2LV",
      "this_month_cogs": 0,
      "this_month_item_orders": 12,
      "this_month_item_revenue": 288.83,
      "this_month_item_units_sold": 17,
      "this_week_cogs": 0,
      "this_week_item_orders": 5,
      "this_week_item_revenue": 135.92,
      "this_week_item_units_sold": 8,
      "today_cogs": 0,
      "today_item_orders": 1,
      "today_item_revenue": 16.99,
      "today_item_units_sold": 1,
      "total_researching": 0,
      "total_unfulfillable": 0,
      "transfer": 2,
      "transshipment": 2,
      "upc": "X002S0ZRZJ",
      "week_to_day_cogs": 0,
      "week_to_day_item_orders": 5,
      "week_to_day_item_revenue": 135.92,
      "week_to_day_item_units_sold": 8,
      "weight": "1.59lbs",
      "yday_cogs": 0,
      "yday_item_orders": 1,
      "yday_item_revenue": 33.98,
      "yday_item_units_sold": 2,
      "_id": 3353
    },
    {
      "3pl": [
        {
          "warehouse": "EUSU",
          "INBOUND": 0,
          "OUTBOUND": 0,
          "total": 2140
        }
      ],
      "ac_text": null,
      "amazon_fee": 4.2,
      "asin": "B086JVLXW2",
      "bs_badge": null,
      "customer_damaged": 23,
      "defective": 2,
      "fba_fee": 7.48,
      "fulfillable": 154,
      "image": "https://m.media-amazon.com/images/I/41XewagrW3L.jpg",
      "inbound_receiving": 1,
      "inbound_shipped": 0,
      "inbound_working": 100,
      "is_fba": true,
      "is_narf": null,
      "last_month_cogs": 1370.38,
      "last_month_item_orders": 159,
      "last_month_item_revenue": 5703.37,
      "last_month_item_units_sold": 163,
      "last_week_cogs": 277.44,
      "last_week_item_orders": 33,
      "last_week_item_revenue": 1154.67,
      "last_week_item_units_sold": 33,
      "local_cost": 8.1,
      "local_ship_cost": 0.31,
      "month_to_day_cogs": 1118.17,
      "month_to_day_item_orders": 131,
      "month_to_day_item_revenue": 4500.67,
      "month_to_day_item_units_sold": 133,
      "name": "KOTTO 4 Pack Set Heavy Duty Pipe Wrench Set Heat Treated Adjustable 8, 10, 12, 14 Inches Soft Grip Plumbing Wrench Set with Storage Bag (Blue)",
      "notes": null,
      "price": 27.99,
      "product_is_hidden": false,
      "rating": 4.5,
      "reviews": 539,
      "size_dimension": "14.49′′ x 8.46′′ x 2.91′′",
      "size_tier": "UsLargeStandardSize",
      "sku": "RI-46A3-FWQ7",
      "this_month_cogs": 958.43,
      "this_month_item_orders": 112,
      "this_month_item_revenue": 3835.86,
      "this_month_item_units_sold": 114,
      "this_week_cogs": 235.4,
      "this_week_item_orders": 28,
      "this_week_item_revenue": 826.72,
      "this_week_item_units_sold": 28,
      "today_cogs": 67.26,
      "today_item_orders": 8,
      "today_item_revenue": 223.92,
      "today_item_units_sold": 8,
      "total_researching": 0,
      "total_unfulfillable": 25,
      "transfer": 5,
      "transshipment": 5,
      "upc": "X002I0SQSJ",
      "week_to_day_cogs": 311.07,
      "week_to_day_item_orders": 37,
      "week_to_day_item_revenue": 1141.63,
      "week_to_day_item_units_sold": 37,
      "weight": "8.03lbs",
      "yday_cogs": 67.26,
      "yday_item_orders": 8,
      "yday_item_revenue": 227.92,
      "yday_item_units_sold": 8,
      "_id": 3230
    },
    {
      "3pl": [],
      "ac_text": null,
      "amazon_fee": 0.8,
      "asin": "B077LGLN4G",
      "bs_badge": null,
      "customer_damaged": 31,
      "defective": 16,
      "fba_fee": 2.7,
      "fulfillable": 364,
      "image": "https://m.media-amazon.com/images/I/51V6SYcEDjL.jpg",
      "inbound_receiving": 3,
      "inbound_shipped": 0,
      "inbound_working": 0,
      "is_fba": true,
      "is_narf": null,
      "last_month_cogs": 856.29,
      "last_month_item_orders": 231,
      "last_month_item_revenue": 2473.52,
      "last_month_item_units_sold": 250,
      "last_week_cogs": 160.98,
      "last_week_item_orders": 47,
      "last_week_item_revenue": 469.53,
      "last_week_item_units_sold": 47,
      "local_cost": 3.11,
      "local_ship_cost": 0.31,
      "month_to_day_cogs": 671.34,
      "month_to_day_item_orders": 194,
      "month_to_day_item_revenue": 1958.04,
      "month_to_day_item_units_sold": 196,
      "name": "CloverTale Graphics Card GPU Brace Support, Video Card Sag Holder Bracket, Anodized Aerospace Aluminum (Upgraded Version Black)",
      "notes": "jb jb",
      "price": 9.99,
      "product_is_hidden": false,
      "rating": 4.3,
      "reviews": 1632,
      "size_dimension": "11.4′′ x 2.3′′ x 0.3′′",
      "size_tier": "UsSmallStandardSize",
      "sku": "KL-LKJH-YISW",
      "this_month_cogs": 554.88,
      "this_month_item_orders": 160,
      "this_month_item_revenue": 1618.38,
      "this_month_item_units_sold": 162,
      "this_week_cogs": 106.18,
      "this_week_item_orders": 30,
      "this_week_item_revenue": 309.69,
      "this_week_item_units_sold": 31,
      "today_cogs": 3.43,
      "today_item_orders": 1,
      "today_item_revenue": 9.99,
      "today_item_units_sold": 1,
      "total_researching": 2,
      "total_unfulfillable": 47,
      "transfer": 2,
      "transshipment": 2,
      "upc": "X001MSH69D",
      "week_to_day_cogs": 174.68,
      "week_to_day_item_orders": 50,
      "week_to_day_item_revenue": 509.49,
      "week_to_day_item_units_sold": 51,
      "weight": "0.09lbs",
      "yday_cogs": 30.83,
      "yday_item_orders": 9,
      "yday_item_revenue": 89.91,
      "yday_item_units_sold": 9,
      "_id": 3187
    },
    {
      "3pl": [],
      "ac_text": null,
      "amazon_fee": 3.75,
      "asin": "B08RX4PD3P",
      "bs_badge": null,
      "customer_damaged": 0,
      "defective": 0,
      "fba_fee": 6.28,
      "fulfillable": 40,
      "image": "https://m.media-amazon.com/images/I/51Z6n20-x4L.jpg",
      "inbound_receiving": 0,
      "inbound_shipped": 0,
      "inbound_working": 0,
      "is_fba": true,
      "is_narf": null,
      "last_month_cogs": 0,
      "last_month_item_orders": 0,
      "last_month_item_revenue": 0,
      "last_month_item_units_sold": 0,
      "last_week_cogs": 0,
      "last_week_item_orders": 2,
      "last_week_item_revenue": 49.98,
      "last_week_item_units_sold": 2,
      "local_cost": 0,
      "local_ship_cost": 0,
      "month_to_day_cogs": 0,
      "month_to_day_item_orders": 6,
      "month_to_day_item_revenue": 249.9,
      "month_to_day_item_units_sold": 10,
      "name": "12 Pack 12 X 12 X 0.4 Inches Acoustic Absorption Panel, 3D Hexagon Soundproofing Insulation Panel, Used in Home & Offices (12 Pack, Red)",
      "notes": null,
      "price": 24.99,
      "product_is_hidden": false,
      "rating": 0,
      "reviews": null,
      "size_dimension": "16.0′′ x 14.0′′ x 3.0′′",
      "size_tier": "UsLargeStandardSize",
      "sku": "U4-LKHT-NRWC",
      "this_month_cogs": 0,
      "this_month_item_orders": 6,
      "this_month_item_revenue": 249.9,
      "this_month_item_units_sold": 10,
      "this_week_cogs": 0,
      "this_week_item_orders": 2,
      "this_week_item_revenue": 149.94,
      "this_week_item_units_sold": 6,
      "today_cogs": 0,
      "today_item_orders": 0,
      "today_item_revenue": 0,
      "today_item_units_sold": 0,
      "total_researching": 0,
      "total_unfulfillable": 0,
      "transfer": 0,
      "transshipment": 0,
      "upc": "X002RG86BL",
      "week_to_day_cogs": 0,
      "week_to_day_item_orders": 3,
      "week_to_day_item_revenue": 174.93,
      "week_to_day_item_units_sold": 7,
      "weight": "1.98lbs",
      "yday_cogs": 0,
      "yday_item_orders": 1,
      "yday_item_revenue": 124.95,
      "yday_item_units_sold": 5,
      "_id": 3639
    },
    {
      "3pl": [],
      "ac_text": null,
      "amazon_fee": 4.2,
      "asin": "B08RX2NMT7",
      "bs_badge": null,
      "customer_damaged": 0,
      "defective": 0,
      "fba_fee": 6.88,
      "fulfillable": 45,
      "image": "https://m.media-amazon.com/images/I/41M572aK6fL.jpg",
      "inbound_receiving": 1,
      "inbound_shipped": 0,
      "inbound_working": 0,
      "is_fba": true,
      "is_narf": null,
      "last_month_cogs": 0,
      "last_month_item_orders": 0,
      "last_month_item_revenue": 0,
      "last_month_item_units_sold": 0,
      "last_week_cogs": 0,
      "last_week_item_orders": 2,
      "last_week_item_revenue": 55.98,
      "last_week_item_units_sold": 2,
      "local_cost": 0,
      "local_ship_cost": 0,
      "month_to_day_cogs": 0,
      "month_to_day_item_orders": 4,
      "month_to_day_item_revenue": 105.96,
      "month_to_day_item_units_sold": 4,
      "name": "12 Pack 12 X 12 X 0.4 Inches Acoustic Absorption Panel, 3D Hexagon Soundproofing Insulation Panel, Used in Home & Offices (12 Pack, Green)",
      "notes": null,
      "price": 27.99,
      "product_is_hidden": false,
      "rating": 0,
      "reviews": null,
      "size_dimension": "13.78′′ x 12.44′′ x 5.43′′",
      "size_tier": "UsLargeStandardSize",
      "sku": "27-I137-ST3J",
      "this_month_cogs": 0,
      "this_month_item_orders": 4,
      "this_month_item_revenue": 105.96,
      "this_month_item_units_sold": 4,
      "this_week_cogs": 0,
      "this_week_item_orders": 0,
      "this_week_item_revenue": 0,
      "this_week_item_units_sold": 0,
      "today_cogs": 0,
      "today_item_orders": 0,
      "today_item_revenue": 0,
      "today_item_units_sold": 0,
      "total_researching": 0,
      "total_unfulfillable": 0,
      "transfer": 0,
      "transshipment": 0,
      "upc": "X002RG86C5",
      "week_to_day_cogs": 0,
      "week_to_day_item_orders": 0,
      "week_to_day_item_revenue": 0,
      "week_to_day_item_units_sold": 0,
      "weight": "2.65lbs",
      "yday_cogs": 0,
      "yday_item_orders": 0,
      "yday_item_revenue": 0,
      "yday_item_units_sold": 0,
      "_id": 3330
    }
  ]
}